date,month,day,h2_kg,cost_da,cost_per_kg_da,grid_import_mwh,solar_to_elz_mwh,green_fraction,demand_met
2023-01-02,1,2,100.24236857309018,3512.0214250488493,35.03529969454097,2.7490898950401697,2.0626962723679236,0.42867579742825757,True
2023-01-03,1,3,100.01918046033751,2689.271423795122,26.887557080729625,2.1251503973153065,2.7147481444553434,0.5609101350009226,True
2023-01-04,1,4,100.01861340033959,2570.152423017735,25.696741192864895,2.028913341616718,2.8348264202664764,0.5828491159175132,True
2023-01-05,1,5,100.00902303795759,2736.4757590352274,27.36228868065855,2.1417417606691282,2.6672459873682075,0.554637717356792,True
2023-01-06,1,6,100.00095784909601,2976.610937442711,29.765824262748488,2.332758183050853,2.5153359023162762,0.5188298448885813,True
2023-01-07,1,7,100.11080707559178,2532.990348419432,25.301867225052124,1.969801687465817,2.8722330415315787,0.5931872037866013,True
2023-01-08,1,8,100.0135859965675,2913.158073893388,29.127623461010273,2.3192696279271194,2.5451084374398323,0.5232135338246654,True
2023-01-09,1,9,100.08142763244324,3654.233467207002,36.512603323640185,2.884152179213649,2.0869306253108584,0.41981409430786515,True
2023-01-10,1,10,100.01080876806587,2949.443143882328,29.49124379868134,2.357712836599981,2.5008428121741444,0.514729683667437,True
2023-01-11,1,11,100.09305479090156,2324.7009656465034,23.225397311560705,1.860132958405602,2.908814411330283,0.6099489438256014,True
2023-01-12,1,12,100.00242595268762,3054.1895222454054,30.54115430850028,2.426558194018213,2.4159699234203096,0.4989067414436094,True
2023-01-13,1,13,100.01511295745539,3142.9867709372584,31.42511844459175,2.5130600832134022,2.387313036515499,0.4871696456957894,True
2023-01-14,1,14,100.00873382515482,3094.165199787779,30.938949844093667,2.4514230769700243,2.4501451119970614,0.4998696371320672,True
2023-01-15,1,15,100.06004037905069,2303.111723202798,23.01729755932614,1.8306917618055685,2.9429710993823432,0.6165016644367703,True
2023-01-16,1,16,100.04252392989324,2859.2861461294065,28.580707821137214,2.2775572484060547,2.6389717917018,0.5367550501936846,True
2023-01-17,1,17,100.08301077884886,2573.7005831331953,25.71565906245809,2.0672210126610695,2.7388713515468592,0.5698748887857132,True
2023-01-18,1,18,100.00548791168374,3263.5609161492007,32.63381824636761,2.5687177254292552,2.216766151829546,0.4632271696419012,True
2023-01-19,1,19,100.10607170315802,2826.4196756866722,28.23424820891766,2.2428018648029555,2.634860312194138,0.5401891759991209,True
2023-01-20,1,20,100.04522924937297,2826.4139553390287,28.25136167456724,2.2226303995078975,2.543603906200019,0.5336716038390865,True
2023-01-21,1,21,100.11444963490372,3295.208755331336,32.9144171230853,2.603552609576502,2.293676633463918,0.468362112458493,True
2023-01-22,1,22,100.00787063342409,5077.132462838131,50.76732891802297,3.973976950365386,1.0869629133455085,0.21477491189719483,True
2023-01-23,1,23,100.05589231142963,1964.432216576348,19.633348633401233,1.5490874902048293,3.301982162178483,0.6806709445114298,True
2023-01-24,1,24,100.01852529258915,4443.478160948696,44.42655146084157,3.495972843994382,1.4465454747697652,0.2926737710365163,True
2023-01-25,1,25,100.09726316596951,2170.9748674075345,21.68865360292498,1.7040532787370746,3.1139228517020907,0.6463134659445173,True
2023-01-26,1,26,100.0567661462525,2703.975657618282,27.024415856753695,2.1070629518291595,2.6968222417558225,0.5613835745610882,True
2023-01-27,1,27,100.02912847696535,3541.4971487414587,35.40465864957518,2.7769844361467997,2.0287851668457924,0.42215614447734895,True
2023-01-28,1,28,100.14250377364803,2798.9802830653653,27.94997306430341,2.216647188726831,2.5549575417925654,0.5354503748918982,True
2023-01-29,1,29,100.01594322232094,4033.213153274382,40.32570231637104,3.0264540055641493,1.8370973808717947,0.3777275564508915,True
2023-01-30,1,30,100.00259499949021,1965.3121393220172,19.65261140805432,1.4881151545631668,3.31116294360379,0.6899293760177099,True
2023-01-31,1,31,100.09060299962172,1837.465977708634,18.35802685408518,1.3430790559705734,3.4469551635438025,0.7196097158348198,True
2023-02-01,2,1,100.00204792787324,2245.6659905215847,22.4562000184364,1.8110040480695706,3.0596288946787666,0.6281789103475983,True
2023-02-02,2,2,100.00587121421133,3142.4076532524778,31.42223166599369,2.4848079325472057,2.354167429531979,0.4865012225481664,True
2023-02-03,2,3,100.0073442209464,5257.445035844263,52.5705894582,4.179256743505926,0.8222900008990759,0.16440714101471382,True
2023-02-04,2,4,100.00237711465422,3018.0222707985986,30.179505306542772,2.323646813615413,2.565264462038989,0.524710782708082,True
2023-02-05,2,5,100.1854983896051,1760.7108015604692,17.574507587049688,1.3957820647390955,3.4328601778224916,0.7109369477746534,True
2023-02-06,2,6,100.03305465961714,2550.5799662802524,25.497371593411007,1.9732715108814642,2.8046201361772134,0.5869995268527632,True
2023-02-07,2,7,100.02727471187825,2460.238472423867,24.595676324386684,1.9180869617119778,2.903721390353928,0.6022058900598625,True
2023-02-08,2,8,100.0016652694452,3674.957888940471,36.74896692008716,2.857545316724683,1.9846868035712404,0.4098702322122365,True
2023-02-09,2,9,100.0035795186366,3304.5619065498604,33.04443623374526,2.592241231939204,2.2803963618341974,0.4680004038774088,True
2023-02-10,2,10,100.004261842928,2331.570776203228,23.314714125537137,1.8265048901667758,3.0331929359604164,0.6241525799511775,True
2023-02-11,2,11,100.30054526219376,4896.7446870654985,48.820718514191626,3.8559187016236987,1.155370566007138,0.23055355703969513,True
2023-02-12,2,12,100.0610676673852,6206.318443002598,62.025307021839225,4.805609148840967,0.296975,0.058200902001284346,True
2023-02-13,2,13,100.0398356701732,3522.6684854098185,35.212657655935146,2.7512475539016816,2.00203865930692,0.421190429001221,True
2023-02-14,2,14,100.17746198436569,3292.4213346780493,32.8658888881801,2.5738242122817265,2.196247563031444,0.4604223304139387,True
2023-02-15,2,15,100.1900027617496,3759.518517730869,37.523888752363355,2.8911627245891056,1.935378665641216,0.4009866505151549,True
2023-02-16,2,16,100.02937127378443,1472.1941079048227,14.717618327074833,1.1321963936351194,3.7047008135407005,0.7659250661859343,True
2023-02-17,2,17,100.00730871004737,3909.51832952029,39.09232615043379,3.0805556726903194,1.7759491996436232,0.36568463253494815,True
2023-02-18,2,18,100.04845229376026,1738.9421195314912,17.380999702280693,1.343019089300535,3.516627900709178,0.7236385498655633,True
2023-02-19,2,19,100.03056079425478,2475.962681857391,24.752062391712563,1.892305713307545,2.8949742089165404,0.604722150354556,True
2023-02-20,2,20,100.03570799994897,2933.0644206313445,29.320174558397095,2.3051969068030616,2.5687211042859235,0.5270341229461902,True
2023-02-21,2,21,100.07513809155176,2065.80771675405,20.642566736847133,1.6092546650515143,3.2229404483762423,0.6669723330128579,True
2023-02-22,2,22,100.05606472887298,1985.160739769123,19.84048388419447,1.511417156674198,3.2958080912687633,0.6855946874299386,True
2023-02-23,2,23,100.00324967756055,2316.20312996659,23.161278632791436,1.8147960176339604,2.9821268459655768,0.6216749634635222,True
2023-02-24,2,24,100.00315550060495,4782.3675039663085,47.82216601092531,3.540322751334265,1.3514526777528226,0.27627038431014667,True
2023-02-25,2,25,100.15859960594521,1566.3217523133744,15.638415058474926,1.247886891026039,3.588159438437491,0.7419613448648518,True
2023-02-26,2,26,100.05011438473085,1861.908425550333,18.60975808973676,1.390199207949728,3.400522225951337,0.7098142258675026,True
2023-02-27,2,27,100.01578021014885,2132.5520334160565,21.322155653190226,1.6131082009520012,3.1771910949961564,0.6632552370336363,True
2023-02-28,2,28,100.01482303411501,3637.658086904574,36.37118955520993,2.912351620815259,1.9297337316308614,0.39853360508319,True
2023-03-01,3,1,100.02036535597529,2415.548509890149,24.1505667500128,1.765745100473247,2.9992274233601717,0.6294322597577738,True
2023-03-02,3,2,100.13543209929476,4576.354007689446,45.70164537914523,3.610278170777463,1.3266238374689643,0.26871585363716327,True
2023-03-03,3,3,100.00556543961406,711.7248249325676,7.116852165215999,0.5370309979168962,4.387782067008927,0.8909540340238306,True
2023-03-04,3,4,100.01261480914192,3605.750145128249,36.052953440016005,2.867974896008149,1.9723291032422194,0.4074804193182246,True
2023-03-05,3,5,100.003013484353,2233.608277608401,22.33540970200746,1.6664641858619316,3.16749115811145,0.6552586717749564,True
2023-03-06,3,6,100.14060830094905,3187.0965001223494,31.82621470147535,2.4587045069131057,2.308937996916523,0.48429344168776467,True
2023-03-07,3,7,100.00630701922184,997.2197523992727,9.971568615243445,0.7589912401005144,4.136114744411039,0.8449489668861073,True
2023-03-08,3,8,100.01002612666221,891.9618438877255,8.918724236288671,0.6879332274748966,4.20276439661873,0.8593384256499831,True
2023-03-09,3,9,100.0057933866421,962.6548068828391,9.625990397986504,0.7374340842937359,4.183858390396882,0.8501543876763604,True
2023-03-10,3,10,100.01478369283018,1818.8036881514572,18.18534841546473,1.3977177725265273,3.4415322986495704,0.7111705838779198,True
2023-03-11,3,11,100.10294381349121,897.6370066271501,8.967138951473798,0.7352258832587313,4.299908610036623,0.8539808848725415,True
2023-03-12,3,12,100.02408660633617,715.7262951716368,7.1555394251038145,0.5291121416824527,4.435410513879248,0.8934213461409639,True
2023-03-13,3,13,100.06887773078384,1438.3820803463043,14.373920373285248,1.1105285487006067,3.747141514553243,0.7713865836419667,True
2023-03-14,3,14,100.07997465566663,1284.4252260553294,12.833988322584013,1.029828626536617,3.8398519077797224,0.7885223436569446,True
2023-03-15,3,15,100.023460100921,1059.4391424270916,10.591906552304287,0.838418265697929,4.082502604581585,0.8296216728942635,True
2023-03-16,3,16,100.01256571772042,2200.8028720009484,22.005263600701785,1.7752530577276278,3.1022727821419904,0.6360341049930589,True
2023-03-17,3,17,100.03867779427097,612.3616755127789,6.121249190958896,0.43933190662511773,4.492769248765457,0.9109239870019806,True
2023-03-18,3,18,100.01452860773847,1733.8387708951423,17.335869048539305,1.3657878812585924,3.502318697070824,0.7194416639647013,True
2023-03-19,3,19,100.07625770475865,4055.6532110658577,40.525628196756706,3.1649138309168485,1.6170365543153995,0.33815418899141586,True
2023-03-20,3,20,100.04050077227754,5057.1034110632645,50.55056074314105,4.065872813057181,0.9856248985384792,0.19511538058821395,True
2023-03-21,3,21,100.02141955532352,1501.4362317843031,15.011146996907334,1.20774438339367,3.631375453211983,0.7504206499996849,True
2023-03-22,3,22,100.17956090830424,2190.05002201398,21.861245968312478,1.6721711121027347,3.2729492524048807,0.6618543151943617,True
2023-03-23,3,23,100.00629295749242,2136.539310160513,21.3640486711036,1.7343596778897896,3.1957095792213868,0.6482078471031348,True
2023-03-24,3,24,100.39179171461097,880.0962397341445,8.766615524066355,0.6428965816812701,4.333284457198652,0.8708052266068724,True
2023-03-25,3,25,100.03521737590304,304.9213530595067,3.0481400556536165,0.21967304644213137,4.802549908704114,0.9562597980209074,True
2023-03-26,3,26,100.14004491708428,800.1114239467634,7.989924755968041,0.6016703090229818,4.323275601341834,0.8778320980628977,True
2023-03-27,3,27,100.00314127624881,302.1985627384195,3.0218907014493257,0.18932534739154788,4.806251243529374,0.9621014023214792,True
2023-03-28,3,28,100.07603857008556,2024.5713420973914,20.23033056688727,1.556540553427518,3.2455917432293933,0.675864708160762,True
2023-03-29,3,29,100.05170596897509,266.7637603422537,2.666258988377211,0.1850137019531738,4.81300807729728,0.9629826138971086,True
2023-03-30,3,30,100.00839461165643,369.0137705795297,3.689827959067343,0.26153421386284603,4.71027878454934,0.9473966108648151,True
2023-03-31,3,31,100.06930588437658,735.1527938033946,7.346436425299229,0.5250547526317599,4.413230156134386,0.8936766990297149,True
2023-04-01,4,1,100.04426938200214,683.3845053135061,6.830821090852469,0.48071902880319345,4.440155914985864,0.9023102528931487,True
2023-04-02,4,2,100.04793946577831,949.48279744875,9.490278385728507,0.6784688643326208,4.232589314544223,0.8618487422423927,True
2023-04-03,4,3,100.0082798155754,23.836326126487045,0.2383435268604105,0.010919413289387829,5.018375352690027,0.9978288380782031,True
2023-04-04,4,4,100.00243212586633,1257.0244452380743,12.569938735649371,0.9699370686762252,3.9191081797883416,0.8016101264391366,True
2023-04-05,4,5,100.00860075293369,1931.8213502305007,19.316552133380707,1.4675840938552398,3.2911221831602635,0.6916001937451668,True
2023-04-06,4,6,100.93695179350166,2565.8256021935767,25.420082106727193,1.994537918257402,2.834304804179975,0.5869532240116838,True
2023-04-07,4,7,100.08632603286168,4613.215473928172,46.09236502909998,3.628307764079487,1.3582547158085827,0.27238297349862356,True
2023-04-08,4,8,100.00929050269409,145.47182965870513,1.4545831584995232,0.06720805251037427,4.950665987184555,0.9866062695120064,True
2023-04-09,4,9,100.0067347740389,26.419747610437085,0.2641796841995833,0.012205935601957537,5.0201322055668225,0.9975745001111704,True
2023-04-10,4,10,100.00692402676947,599.6059036717124,5.995643896728713,0.46872160655004397,4.511272275587788,0.9058790798456104,True
2023-04-11,4,11,100.00454408668813,123.24312571364146,1.2323752569364164,0.05693838101808337,4.961852269262388,0.9886549599324486,True
2023-04-12,4,12,100.0885613281223,117.81628073240293,1.1771203339227096,0.05220059576532885,4.975686525157372,0.9896177868536259,True
2023-04-13,4,13,100.0517952309846,640.1723455196422,6.398409384276497,0.45774374335565915,4.460388294336803,0.9069273171505927,True
2023-04-14,4,14,100.08138890739693,333.27035673122725,3.3299933221309996,0.19123173077828026,4.811053022412917,0.961771122554292,True
2023-04-15,4,15,100.0154464459338,1223.7413192870595,12.235523239388705,0.9911767174861832,3.9587753367861183,0.7997603397732512,True
2023-04-16,4,16,100.00895115230567,57.06374988018474,0.5705864247419332,0.026363478808124154,4.994838976353429,0.9947495686454498,True
2023-04-17,4,17,100.10233855105136,202.99675959372166,2.027892280360613,0.13998400646378634,4.856366181950498,0.9719827471684457,True
2023-04-18,4,18,100.12228656624177,641.6413330447873,6.408576502298236,0.4997257378641553,4.465173047677337,0.8993482527137453,True
2023-04-19,4,19,100.0309164077907,1989.923713474971,19.89308690687942,1.4676323464262508,3.3223896669440016,0.6936063462068253,True
2023-04-20,4,20,100.00680855619828,972.4565344970097,9.723903287550097,0.6792643497626574,4.249532270198654,0.8621845448011225,True
2023-04-21,4,21,100.04927337690881,1375.6133596963125,13.749358823567443,1.0657806243642343,3.82525844708714,0.782095254444988,True
2023-04-22,4,22,100.04346064563453,1097.110911632817,10.966343072826223,0.8627730176206736,4.01020848327843,0.8229476107263111,True
2023-04-23,4,23,100.02249539923992,212.91112520069095,2.1286324076484586,0.13502390127713165,4.856802676948728,0.9729510031726463,True
2023-04-24,4,24,100.0265525100441,2606.832539493469,26.06140543763823,2.0550560875515806,2.7333898358884197,0.5708302609220579,True
2023-04-25,4,25,100.0825896181421,57.63191337661824,0.5758435467798011,0.026625970605968233,4.998665679883403,0.994701606900094,True
2023-04-26,4,26,100.02786720304037,202.38334093269398,2.023269580684836,0.1307205447188255,4.912334306533142,0.9740790951963623,True
2023-04-27,4,27,100.04354992414255,727.0903685892924,7.2677385912495565,0.5617504479947019,4.435659317180476,0.887591677610809,True
2023-04-28,4,28,100.02694626237711,662.8931376209771,6.627145608166082,0.4907613615623351,4.489760890937739,0.9014638753363692,True
2023-04-29,4,29,100.00212646763264,140.14239497840762,1.4013941495910796,0.10095986264217953,4.903784591882934,0.9798271692871559,True
2023-04-30,4,30,100.01498384747538,919.9016616821889,9.1976384567042,0.6936000595184972,4.289533954733496,0.8608104743852426,True
2023-05-01,5,1,100.29801022971324,4064.9244389469022,40.52846541658182,3.043315050982897,1.7979774823304802,0.3713837719903172,True
2023-05-02,5,2,100.00893304328548,195.84026359965597,1.9582277066678948,0.12611711207142398,4.880170325207886,0.9748082558879274,True
2023-05-03,5,3,100.01385160189344,505.357472239045,5.052874818286448,0.3789969153708962,4.592458077365377,0.923765393446256,True
2023-05-04,5,4,100.01491222537508,1420.8069521595937,14.205951098151507,1.026874963287916,3.867153455767256,0.7901779729578764,True
2023-05-05,5,5,100.03910943237017,1127.2098581834546,11.2676918515102,0.8220377993897217,4.0974519447441935,0.8329018166223572,True
2023-05-06,5,6,100.06299198761866,2819.5236171431247,28.177486612553018,2.2292421639534203,2.5129048393102247,0.5299086758763047,True
2023-05-07,5,7,100.001714156569,3391.018280849135,33.90960154482895,2.604669419588176,2.1562821329537987,0.4529099086930455,True
2023-05-08,5,8,100.01212481674298,1182.8583208698215,11.827149188533186,0.885253809250989,4.048955637434908,0.820588522069006,True
2023-05-09,5,9,100.03437541905299,797.8322610293994,7.975580970913332,0.6108314412527577,4.323130207486057,0.8761985834630688,True
2023-05-10,5,10,100.39912938179123,21.01716268785257,0.2093361049768657,0.0034332257911694752,5.004377586786914,0.9993144258200516,True
2023-05-11,5,11,100.01485073793603,1242.7070026540541,12.42522478896917,0.9630066985164946,3.886210176506669,0.8014098516656064,True
2023-05-12,5,12,100.02755824797632,1365.9161800895436,13.655398612283708,1.0356878742797175,3.8296312485504203,0.7871284805512899,True
2023-05-13,5,13,100.00773027632138,2010.7116741354619,20.105562525815404,1.4977200880129218,3.307956169988,0.6883435321887564,True
2023-05-14,5,14,100.11954717798838,1526.249988365821,15.244275782155878,1.1476732808991508,3.7399295983472376,0.7651868801018245,True
2023-05-15,5,15,100.4476386500333,0.0,0.0,0.0,5.036310375910429,1.0,True
2023-05-16,5,16,100.0195965419631,55.0913922121337,0.5508059831957048,0.025452248654254425,4.97797727567287,0.9949130394401474,True
2023-05-17,5,17,100.0629444009625,4631.019633423776,46.281064995117525,3.4422193445017335,1.3644999281687054,0.28387343856897196,True
2023-05-18,5,18,100.02220927828171,136.91977735102958,1.3688937520875137,0.05654850158049091,4.952102885327647,0.9887098348013797,True
2023-05-19,5,19,100.0093543993244,3513.4925747293178,35.13163939345511,2.736969365480244,2.067996268395516,0.43038731719865353,True
2023-05-20,5,20,100.00553830787658,523.0526176937735,5.23023651033712,0.3606410093004747,4.626467763541074,0.9276853532322318,True
2023-05-21,5,21,100.01033850840486,345.3333999017564,3.452977012698889,0.2762633064739178,4.73345005773068,0.9448544684316923,True
2023-05-22,5,22,100.15205277548603,594.702134358313,5.937992461237666,0.4257074989120352,4.516933266577878,0.9138704350345723,True
2023-05-23,5,23,100.01596689369,983.9011017483756,9.837440283851816,0.6927658343144487,4.263258324917863,0.8602174218574111,True
2023-05-24,5,24,100.11932188417308,527.8364421964144,5.272073684309033,0.3380909399772626,4.637635505853154,0.9320519438401647,True
2023-05-25,5,25,100.12924026248989,39.60182379396538,0.39550708354671194,0.017340288286806678,5.007239299885727,0.9965489076284861,True
2023-05-26,5,26,100.11461085835504,698.5347491146946,6.977350689631119,0.4361743346109197,4.465628988822472,0.911017577444252,True
2023-05-27,5,27,100.19307604180989,1398.5906052503888,13.958954655377248,1.0156291204828083,3.7344843238358676,0.7861884495206023,True
2023-05-28,5,28,100.41510590245497,823.1785369413697,8.197756000387233,0.5558064045043003,4.3883025520751735,0.887582088221448,True
2023-05-29,5,29,100.03040275910739,1700.1533098472567,16.996365734341342,1.2699811459264383,3.5183848751480746,0.734777763367084,True
2023-05-30,5,30,100.06185557411487,2221.8026601518277,22.204292009217834,1.7122535335014628,3.23367238323027,0.6538052606673657,True
2023-05-31,5,31,100.07594118993777,312.46127160561997,3.1222416485955238,0.22687082255483876,4.755574190203037,0.954465965610474,True
2023-06-01,6,1,100.03247324979655,119.7815328890783,1.1974264855969852,0.053618210361976934,4.958040196341476,0.9893013038777226,True
2023-06-02,6,2,100.10368679095913,1559.5490113056835,15.579336399091888,1.1096850828195617,3.7172365934543254,0.7701050157341321,True
2023-06-03,6,3,100.09048680622969,1417.071195440746,14.157900922033946,1.1149684323281508,3.7455409606787478,0.7706066705822394,True
2023-06-04,6,4,100.10331658837822,2227.5652451435585,22.25266176048131,1.620654475063282,3.190934072218082,0.6631768366854679,True
2023-06-05,6,5,100.02031239883465,1719.501210536183,17.191520095234345,1.275956871578231,3.528113436256385,0.7344008747129774,True
2023-06-06,6,6,100.07682418597773,1844.7705468644476,18.433544048482382,1.2967046143806638,3.4613980125953003,0.7274744333951472,True
2023-06-07,6,7,100.08784206088413,1776.361937914578,17.748029144578865,1.3324116569599997,3.4143179250557774,0.719299017578716,True
2023-06-08,6,8,100.40476243190841,199.13684550013002,1.983340637205121,0.08089474372687547,4.888313732309262,0.9837207989729175,True
2023-06-09,6,9,100.04698286764805,2239.0908373769544,22.380393423148433,1.675429714335759,3.0981483761873703,0.6490201516422347,True
2023-06-10,6,10,100.02199478116785,606.5355736409646,6.064021968047803,0.44745830516995044,4.4997524264253075,0.90955341717864,True
2023-06-11,6,11,100.00701139163672,633.4442523260636,6.333998421825019,0.4653686367691193,4.480800006060527,0.9059133098011621,True
2023-06-12,6,12,100.02862525709733,299.1252038906743,2.9903960303548254,0.18768428863097258,4.754846108960076,0.962026679952753,True
2023-06-13,6,13,100.05794949374786,513.8913423569398,5.1359371739778705,0.3628614064257937,4.602635168361722,0.9269234403930042,True
2023-06-14,6,14,100.00550754459229,76.59254788546419,0.7658832974905077,0.03538579250887697,4.914174171277294,0.9928507195048085,True
2023-06-15,6,15,101.25308056309305,0.0,0.0,0.0,5.029700791747221,1.0,True
2023-06-16,6,16,100.06193769247304,688.6658478771567,6.8823956816994585,0.5524664144930259,4.465446758951878,0.8899011610211369,True
2023-06-17,6,17,100.00183341952193,620.772998148537,6.207616169838666,0.4536441802147964,4.542073328447332,0.9091933882513935,True
2023-06-18,6,18,100.07041815157498,245.9043891853663,2.4573134971105954,0.18159840848577277,4.8076480349367055,0.9636020367915116,True
2023-06-19,6,19,100.0536147289784,1426.738960703773,14.259744283786965,1.0995925061875322,3.803335391720034,0.7757273757468863,True
2023-06-20,6,20,100.72189119174602,341.31349926115183,3.3886724645726454,0.23435426066844234,4.777876708011728,0.9532435232668152,True
2023-06-21,6,21,100.18310372861716,0.0,0.0,0.0,4.98412448352968,1.0,True
2023-06-22,6,22,100.61367443538023,0.0,0.0,0.0,5.017181761961715,1.0,True
2023-06-23,6,23,101.78614829726806,0.0,0.0,0.0,5.0685189531129256,1.0,True
2023-06-24,6,24,100.80284748101568,0.0,0.0,0.0,5.0007366254356524,1.0,True
2023-06-25,6,25,100.75992466717997,0.0,0.0,0.0,5.016332143447141,1.0,True
2023-06-26,6,26,100.03752922959029,367.774697677972,3.676367264468455,0.2773981166752496,4.67323193448804,0.9439671084673218,True
2023-06-27,6,27,100.10837310727585,437.302802755309,4.368293971641079,0.32454023615573235,4.656730235025398,0.9348478991387154,True
2023-06-28,6,28,100.00090035906706,213.83268695518677,2.1383076171053554,0.1493541611277857,4.841501352952193,0.9700744369965361,True
2023-06-29,6,29,100.00971887348034,73.71588749862876,0.7370872384101468,0.03405677408114057,4.993862367340148,0.9932264674265399,True
2023-06-30,6,30,100.00810722929339,1585.8117146306506,15.856831596610302,1.0724540531323679,3.7933217821555236,0.7795923837356732,True
2023-07-01,7,1,100.09526171464273,1150.3477117868704,11.492529137556453,0.8317635785895813,4.035652694764336,0.8291159966853522,True
2023-07-02,7,2,100.03348126054931,2641.9702827632095,26.410860138735732,1.9670992117941524,2.78746436901762,0.5862713415521726,True
2023-07-03,7,3,100.03388108665673,3094.161551920794,30.93113571431266,2.3835946948269733,2.353650693837845,0.4968395134163012,True
2023-07-04,7,4,100.09222313128171,1254.1033802125016,12.529478724511995,0.9879482154429313,3.900880724411534,0.7979172052044962,True
2023-07-05,7,5,100.22294375085953,692.6117859312452,6.910710861307197,0.5042197105056456,4.395264448814059,0.8970871842607085,True
2023-07-06,7,6,100.01551414134147,117.4133781316877,1.1739516527981813,0.051193671832404655,4.928408385506109,0.9897193247084957,True
2023-07-07,7,7,100.21408284847098,432.2891351404701,4.313656552583675,0.2792287173796297,4.67531214322587,0.9436418579974118,True
2023-07-08,7,8,100.00990615506055,8.679717743095182,0.08678858001964022,0.004010033607343581,5.003557847425208,0.9991992053422715,True
2023-07-09,7,9,100.04781125032977,463.3029301562507,4.630815250890595,0.36012179130767696,4.619769528521788,0.9276848091295276,True
2023-07-10,7,10,100.01160179787763,751.1375690327967,7.510504336795221,0.5450275284532913,4.3767128262613095,0.88926121876153,True
2023-07-11,7,11,100.04148823346429,1412.6364550034632,14.120506201455433,1.107280604883876,3.7732437841420863,0.7731226162144305,True
2023-07-12,7,12,100.01215608885485,1406.0234858295735,14.058525891396695,1.0320830932079637,3.801924108057692,0.7864953339461843,True
2023-07-13,7,13,100.11628620049589,391.7408157952576,3.912858044002408,0.29442469540974614,4.658004183082643,0.9405494349069028,True
2023-07-14,7,14,100.01054682453355,667.2125407411295,6.671421784261816,0.5099874883480264,4.490628265116502,0.8980150618461943,True
2023-07-15,7,15,100.00832582861472,14.085174523625163,0.1408400191376373,0.006507357137271963,5.017625253944825,0.9987047799807437,True
2023-07-16,7,16,100.01117997902053,72.09126657016074,0.720832076826645,0.03264788791512917,4.993747097150797,0.9935047110280569,True
2023-07-17,7,17,100.35491253862597,0.0,0.0,0.0,4.992657387155386,1.0,True
2023-07-18,7,18,100.0126710519782,234.7980491882458,2.3476830157472492,0.16417623650219199,4.824541817739669,0.9670904960518675,True
2023-07-19,7,19,100.01042767968599,297.870324491062,2.978392667663445,0.21509168419493524,4.764643044283691,0.9568065979569462,True
2023-07-20,7,20,100.01911413028975,388.5952782056219,3.885210157924603,0.29817160887070426,4.675198872390755,0.9400463709683105,True
2023-07-21,7,21,100.00411954333886,470.6642731165282,4.70644884696531,0.37244270654574424,4.6087171810983385,0.9252297226054518,True
2023-07-22,7,22,100.97922061829729,0.0,0.0,0.0,5.022940715099013,1.0,True
2023-07-23,7,23,100.89152990909669,0.0,0.0,0.0,5.006731188608591,1.0,True
2023-07-24,7,24,100.00379885418285,169.0922897875986,1.690858664620879,0.11466299704530815,4.884505753856807,0.9770635874164846,True
2023-07-25,7,25,100.08665549557165,708.8819071448357,7.0826815386612685,0.48275955722144903,4.452668506302065,0.9021848660323101,True
2023-07-26,7,26,100.0480499096841,454.0063447708052,4.537882999025451,0.31390905551013093,4.650908395752025,0.9367732935618148,True
2023-07-27,7,27,100.03000210201665,1130.617411740464,11.302783044904785,0.8895042441960654,3.992040969233111,0.8177822379378908,True
2023-07-28,7,28,100.07095574911085,44.114449334879474,0.4408316979152209,0.018764608970037344,5.019298800412144,0.9962754321561152,True
2023-07-29,7,29,100.01162650299811,252.49033887739694,2.5246098649323323,0.15084167400356904,4.802317729042376,0.9695463719760748,True
2023-07-30,7,30,100.02607474664634,357.14418541303195,3.5705108524715574,0.2443662011066149,4.7167423766331,0.9507436297195601,True
2023-07-31,7,31,100.21065883372343,2748.532195460093,27.42754341153121,2.0526136794628127,2.7541639306996943,0.57297511016046,True
2023-08-01,8,1,100.01893996582177,47.02687237398938,0.47017967187074056,0.021726436763219857,4.994979296437112,0.9956691825435494,True
2023-08-02,8,2,100.76209159947706,619.2115990948174,6.145283303130947,0.451274093756504,4.578501597044977,0.9102794793450134,True
2023-08-03,8,3,100.0346314866947,258.5056460533697,2.5841615269783116,0.16908848324768025,4.827147075031026,0.9661568232171316,True
2023-08-04,8,4,100.04736950631504,520.9104803618386,5.206638444691527,0.38745766459380504,4.5973168722224065,0.9222717774430628,True
2023-08-05,8,5,100.05931377037446,6.888731836617821,0.06884648292138733,0.003182597291114725,4.98952583951667,0.999362550941759,True
2023-08-06,8,6,100.0271459587945,202.3728047907178,2.0231788366138517,0.1536743864116987,4.837500576234031,0.9692107795134798,True
2023-08-07,8,7,100.00341826221964,425.2111397049638,4.251966053700432,0.32916349411071216,4.66108665577339,0.9340386785783961,True
2023-08-08,8,8,100.80841350715133,0.0,0.0,0.0,5.027716097590764,1.0,True
2023-08-09,8,9,100.0946036981869,132.71276572658925,1.3258733320604894,0.04246029744136062,4.949897837884402,0.9914949416106763,True
2023-08-10,8,10,100.04145190225887,0.5225002957031335,0.005222837991332029,0.0002413953780102257,5.022376769863218,0.9999519383377218,True
2023-08-11,8,11,100.23276832402922,301.60717135422846,3.009067557419971,0.2083812571363518,4.7725445169930705,0.9581641512871624,True
2023-08-12,8,12,100.02751432766902,496.29765277710305,4.9616113737599905,0.355296717703807,4.5920343640707655,0.9281841639803162,True
2023-08-13,8,13,100.05125434194849,713.1585591931308,7.127932217178858,0.5305008426813438,4.441267056133293,0.8932973434242929,True
2023-08-14,8,14,100.00707044182798,621.3607071003664,6.213167772590628,0.48092836793684735,4.469729718023618,0.9028556689663726,True
2023-08-15,8,15,100.33876407101957,0.00476809776546195,4.751999697830741e-05,2.2028633705067913e-06,5.015900522029398,0.9999995608241445,True
2023-08-16,8,16,100.0243147127857,380.63573012414554,3.805432021375203,0.281651080263118,4.739438351976567,0.9439063804650285,True
2023-08-17,8,17,100.04029506795817,1922.0522799282992,19.21278099612395,1.4539175741076176,3.4958678017121247,0.7062665421393485,True
2023-08-18,8,18,100.0030453399645,380.67254961934793,3.806609571990891,0.2804225803366811,4.659033420688399,0.9432280436796106,True
2023-08-19,8,19,100.01177003906001,752.4716268856068,7.52383071104257,0.5534866938342072,4.358544985504655,0.887320210868692,True
2023-08-20,8,20,100.03032451211362,595.6875232057777,5.955069386320347,0.4423739830883069,4.51774743328569,0.910813880154632,True
2023-08-21,8,21,100.02064355038155,318.1009672213862,3.1803531344122487,0.2355904654586137,4.719512767569494,0.9524549834021031,True
2023-08-22,8,22,100.12068729162311,229.0735512256017,2.28797421813911,0.1486112077471108,4.841758403074902,0.9702204006242673,True
2023-08-23,8,23,100.03341821517878,373.5255557841358,3.7340077191069945,0.2472402413932949,4.721221724765065,0.9502380730541321,True
2023-08-24,8,24,100.23277707667339,88.250739740528,0.8804578932600093,0.04077188253200648,4.984501120077909,0.9918866333210491,True
2023-08-25,8,25,100.00035983741569,203.41630292253356,2.034155709571999,0.13039058808047393,4.857911320324935,0.9738607264606893,True
2023-08-26,8,26,100.03521056205867,51.80121561005426,0.517829825308544,0.02393218554403061,4.997530887767164,0.9952340214008087,True
2023-08-27,8,27,100.08242038769549,693.8890055412318,6.933175705116551,0.5339641143793528,4.396033943060413,0.8916908063333701,True
2023-08-28,8,28,100.08474550380015,485.5548217612593,4.851436843018431,0.3511942625319249,4.593109220890126,0.928969921909232,True
2023-08-29,8,29,100.00623033988077,1120.3705261973478,11.203007276543282,0.8714466499208544,4.03592074256182,0.8224207441130705,True
2023-08-30,8,30,100.1191916194655,1893.1231688945911,18.908694110216167,1.3978961098276925,3.441819507806057,0.7111615185127019,True
2023-08-31,8,31,100.01285588288535,776.1145423847724,7.760147788336326,0.5883118263128904,4.33700307711337,0.8805534594542097,True
2023-09-01,9,1,100.0102725610828,1845.3108880335594,18.45121346816156,1.3993746803878067,3.4542219335928577,0.711682945311742,True
2023-09-02,9,2,100.10868318239626,2956.8460147538585,29.536359092512853,2.2299729712174616,2.5419290042548495,0.5326867603987727,True
2023-09-03,9,3,100.00318251790549,2406.4012503604545,24.063246686470105,1.8793024769261408,2.9806803495407173,0.6133108811225227,True
2023-09-04,9,4,100.0359735344571,2161.1089124546916,21.60331764762907,1.7379677345500721,3.127511529468644,0.6427961891847481,True
2023-09-05,9,5,100.01791916393051,658.181766370556,6.580638468310749,0.5172279735438762,4.435596261195251,0.8955690836117224,True
2023-09-06,9,6,100.00826927548545,1066.976800153773,10.668885761982844,0.7997535156758506,4.117256196638908,0.8373496164400794,True
2023-09-07,9,7,100.03147717102226,727.6531924819861,7.2742421991622574,0.5649258183820176,4.318566219000546,0.8843192915934793,True
2023-09-08,9,8,100.03404356132755,803.1044699737997,8.028311576562864,0.6293016194571885,4.287284618051389,0.8720043564666364,True
2023-09-09,9,9,100.02201762658844,596.655662347182,5.96524321849488,0.42210664862259406,4.513448035250501,0.9144763505504607,True
2023-09-10,9,10,100.09539140982241,2088.8392560479933,20.868485817649887,1.6196327354269568,3.170428420532483,0.6618763972539411,True
2023-09-11,9,11,100.21502693068689,4310.040088440005,43.007922269192406,3.3760404816059357,1.5654111863324205,0.31679176313496804,True
2023-09-12,9,12,100.10696287974756,2759.205471970139,27.562572997890324,2.0804766121258917,2.6902154915797163,0.5639046564103575,True
2023-09-13,9,13,100.01979674466018,4201.242802595746,42.00411257904341,3.237617713819976,1.5207859435969118,0.3196000283049703,True
2023-09-14,9,14,100.06243848072441,3930.6601264200704,39.28207413391445,3.123023942521653,1.7010995481149367,0.35262354942129814,True
2023-09-15,9,15,100.44070256879894,2742.7179709610714,27.306837774082574,2.073011844037709,2.8608345600587457,0.5798385936139931,True
2023-09-16,9,16,100.00538816901485,1403.949409665264,14.038737665739658,1.0933260898899186,3.8210692870495087,0.7775258183294937,True
2023-09-17,9,17,100.01187049585708,863.7402457769948,8.636377276963085,0.6242761252113751,4.279660203829093,0.8726989741864114,True
2023-09-18,9,18,100.06650017560263,1718.5715529477075,17.174294593413943,1.3651284937842898,3.513311475205517,0.7201710992731615,True
2023-09-19,9,19,100.00418150102115,2036.6149623349206,20.36529804820336,1.524700013376236,3.2447848536173045,0.6803218678965355,True
2023-09-20,9,20,100.14534828685392,3680.37965606307,36.750380512144005,2.8263287012896616,1.9774094134823086,0.4116397202007284,True
2023-09-21,9,21,100.03620256571273,808.9838907570845,8.0869112382157,0.6310378225592126,4.248738666800917,0.8706830478946878,True
2023-09-22,9,22,100.01035128553599,496.5832908872002,4.965318934531316,0.37961872131741414,4.55250252534632,0.923031348514759,True
2023-09-23,9,23,100.00009692793716,903.5031970367141,9.03502321290552,0.683768382992201,4.196825906901417,0.8599005894818795,True
2023-09-24,9,24,100.07163235585448,1411.5843429194429,14.10573915592635,1.0918298222242908,3.7995403008577036,0.7767844602329251,True
2023-09-25,9,25,100.0729963780386,1757.250472591414,17.559686790562107,1.3672241662302635,3.5302598482640763,0.720831316205648,True
2023-09-26,9,26,100.01025127975387,1037.2709058018822,10.371645831589545,0.7820536027869268,4.105118135417832,0.8399782850532271,True
2023-09-27,9,27,100.03323518957332,591.5354825686768,5.913389499476408,0.43863661681362426,4.508977218022232,0.9113438050226941,True
2023-09-28,9,28,100.02428241035199,670.8201665148906,6.706573147536665,0.48779996210732823,4.435198753058096,0.9009140586194655,True
2023-09-29,9,29,100.15447530816421,743.2536841740704,7.421073116175401,0.5501597280423545,4.370255773696554,0.8881883597334564,True
2023-09-30,9,30,100.01071291714445,775.3376149739588,7.752545625950095,0.5726614534301675,4.364673118578254,0.8840140474423595,True
2023-10-01,10,1,100.00030582072355,895.9676344729398,8.959648944266169,0.6861218734446439,4.210692254054395,0.85988402753709,True
2023-10-02,10,2,100.03045337890052,933.4187587848559,9.331345877731895,0.6953874720557305,4.1701523280871164,0.8570790702328005,True
2023-10-03,10,3,100.01833510182043,1763.2540461254466,17.629308109662322,1.3728143742378787,3.493732332220545,0.7179079012195633,True
2023-10-04,10,4,100.00882545643597,1465.8276709434042,14.656983163770096,1.1083558511902396,3.779309955517957,0.7732341172612396,True
2023-10-05,10,5,100.00874502980196,1372.2708859907696,13.72150890986425,1.0586807747932778,3.7856998411954317,0.7814620983126018,True
2023-10-06,10,6,100.00904284798253,1535.9341105978253,15.357952309697659,1.1579564571343728,3.724290906343171,0.7628230667301584,True
2023-10-07,10,7,100.05467695945057,1185.3150436633186,11.84667303602104,0.9066862872645424,3.9871476430542776,0.8147288403786366,True
2023-10-08,10,8,100.00982185852293,1117.4364006858716,11.173266584422406,0.8608483504929318,3.9922147202927434,0.8226175225961841,True
2023-10-09,10,9,100.00157134888505,2143.6372631243316,21.436035796333833,1.7385259971712057,3.2516333736845238,0.6516091234831489,True
2023-10-10,10,10,100.0075490112968,2022.6906199920154,20.225379383745654,1.5593079875181477,3.3210616645401894,0.6804938767577788,True
2023-10-11,10,11,100.0028340452497,2473.869493305224,24.737993847112744,1.896984066861015,2.9862305509860247,0.6115296550907326,True
2023-10-12,10,12,100.00629881392624,1800.755743783445,18.006423246739367,1.3635212743373257,3.5331785347157303,0.7215428089309381,True
2023-10-13,10,13,100.02836839560061,1098.1576403760753,10.978461990232502,0.8556782531207051,4.070429523287025,0.8262972935308588,True
2023-10-14,10,14,100.06257421864336,1668.4823302526888,16.674389433625247,1.2734178148253001,3.538835166915711,0.7353801182820207,True
2023-10-15,10,15,100.04068656747174,1901.2605033302566,19.004872602988033,1.5128672639265077,3.3095971589027773,0.6862875220468863,True
2023-10-16,10,16,100.0268697556019,1925.601382292512,19.250841168951712,1.5141006003647157,3.328086666286691,0.6873106063467501,True
2023-10-17,10,17,100.0916386912036,2850.1031863130775,28.474937802807244,2.197978407184951,2.5673276176711743,0.5387539864763854,True
2023-10-18,10,18,100.07743212662052,2266.5480503419303,22.64794371896189,1.7980437128922455,2.9853875907213636,0.6241100584983992,True
2023-10-19,10,19,100.00719925497735,2481.915698413577,24.817370318367878,1.7163106819559866,3.1283171957611184,0.6457290992668048,True
2023-10-20,10,20,100.0314574665246,3691.664564731355,36.905036257886835,2.9295742554534407,1.85799055892455,0.38808676873567166,True
2023-10-21,10,21,100.03459108219207,3091.9360539380623,30.908668896318225,2.409113573463875,2.3935552845658137,0.4983802455095307,True
2023-10-22,10,22,100.03982222376462,2121.294669400781,21.20450258953843,1.6799589794587875,3.217727865953714,0.656989302810908,True
2023-10-23,10,23,100.12108160250621,2636.5984636569765,26.33409888763105,1.9564243669211794,2.8309895801942417,0.591340045265985,True
2023-10-24,10,24,100.01988710202964,4739.545418127274,47.38603047304477,3.7335644213361308,1.1712002937528612,0.23878827258518373,True
2023-10-25,10,25,100.1038279005833,2068.3700737787726,20.662247559932926,1.6027871439189416,3.2401865150959557,0.6690489652085032,True
2023-10-26,10,26,100.15588074635922,1583.8469786293292,15.813819087072467,1.175306401577073,3.7225174235906717,0.7600349780778772,True
2023-10-27,10,27,100.17833318107311,1754.168701644195,17.51046005600354,1.4204189118474404,3.4903405871707918,0.7107537210626151,True
2023-10-28,10,28,100.02448453907903,3819.843415749499,38.189083736363635,2.9715180760474054,1.8136457897600144,0.37901435366080005,True
2023-10-29,10,29,100.08783621206163,5120.855980473721,51.16361961930998,3.9899923938674045,0.9801176763441677,0.19720240849765427,True
2023-10-30,10,30,100.02588979290073,4154.459194981534,41.53383892493395,3.1758652999252384,1.6395733215410435,0.34048265390241855,True
2023-10-31,10,31,100.28260695817886,2649.8702018868667,26.424025883092064,2.1083136729537673,2.7496298982052116,0.5660069652783599,True
2023-11-01,11,1,100.00850430507411,3965.2877082238847,39.64950516735904,3.0756426857180115,1.822215193133914,0.372043296928217,True
2023-11-02,11,2,100.58235262816913,2430.3829526206764,24.163114991009092,1.9322511103289648,2.9072442688775384,0.6007329362000998,True
2023-11-03,11,3,100.02614606160878,2875.1465495948305,28.74395008505027,2.217656230374221,2.5768300881177817,0.5374569697235606,True
2023-11-04,11,4,100.00780560433498,2373.316948508328,23.73131711236601,1.8095165270793712,2.975690445369067,0.6218519831016841,True
2023-11-05,11,5,100.05857100799221,2373.348491639699,23.71959211220523,1.8316227063540083,2.9979534107373316,0.6207487651199664,True
2023-11-06,11,6,100.15377245800278,2103.2034483516964,20.999742663049734,1.5643745668752693,3.2168209242335912,0.6728068179215032,True
2023-11-07,11,7,100.02169961255716,4772.930724102984,47.71895241323983,3.7432139777955946,1.154593550896579,0.23573681573495434,True
2023-11-08,11,8,100.03171790123488,2661.5649466249106,26.607210217590932,2.098764345425981,2.7051054733186017,0.5631096543797558,True
2023-11-09,11,9,100.11165511124943,4489.544654198757,44.84537438932294,3.5370151142712416,1.3619286590120199,0.2780045499683819,True
2023-11-10,11,10,100.03042704200905,4050.2036437538204,40.48971661445458,3.1721916001367676,1.6333032351492023,0.3398824244188385,True
2023-11-11,11,11,100.00463719847485,2014.1952999120508,20.141019020093687,1.541799031173516,3.243861504899219,0.6778294198779996,True
2023-11-12,11,12,100.01979045196495,2152.513248330096,21.520873405187267,1.6530604369294708,3.2137870943810656,0.6603426702203803,True
2023-11-13,11,13,100.03098273422091,1847.8608877557303,18.47288547254841,1.42417386994745,3.3590553195842547,0.7022568199189967,True
2023-11-14,11,14,100.04074385986951,1812.9559367233592,18.122175693363783,1.421443655530617,3.356534533092316,0.7025010162425431,True
2023-11-15,11,15,100.02045022604774,2308.1644902652506,23.076925619198512,1.850436715606762,2.9341307113784647,0.6132488999590233,True
2023-11-16,11,16,100.06669171414597,1883.2128133734068,18.819577035214262,1.4813676587119227,3.290540159822131,0.6895649046366105,True
2023-11-17,11,17,100.01258917718903,1877.9444840795486,18.777080960802405,1.486204257016988,3.2832880371532873,0.6883936139631534,True
2023-11-18,11,18,100.09840038301925,2426.3286437921797,24.239434741294662,1.9171016412945916,2.8804888274661633,0.6004032328774845,True
2023-11-19,11,19,100.0200009516304,3042.6451333775203,30.420366970891568,2.387286436855635,2.4573258366925703,0.5072285867147049,True
2023-11-20,11,20,100.05501597607609,2913.783862809244,29.121816976231873,2.3021059987506636,2.5385350940319773,0.524421258542988,True
2023-11-21,11,21,100.06227793477754,2487.027886760312,24.85479981158737,1.919161569330087,2.873044109173466,0.5995243739351819,True
2023-11-22,11,22,100.02551265747755,2886.6863037210887,28.859500211772126,2.2869956497327015,2.497387361662713,0.5219873400006753,True
2023-11-23,11,23,100.01433074451057,3792.085769815228,37.91542413558931,3.0283874949693255,1.8112388448702244,0.37425179501156963,True
2023-11-24,11,24,100.19064885359529,3770.2398138151043,37.63065572441206,2.9713568831622688,1.960597792622651,0.39752956413992646,True
2023-11-25,11,25,100.063502898325,2128.5048727227713,21.271540682376024,1.6430654402207667,3.1824460509923034,0.6595043979870987,True
2023-11-26,11,26,100.02350603942874,3945.1563327228705,39.44229200651805,2.984464849708461,1.8280244249433768,0.37985007770757606,True
2023-11-27,11,27,100.09912443707397,2237.7975396522247,22.355815320432573,1.763939636666881,3.047208149582292,0.6333640713119584,True
2023-11-28,11,28,100.07523537592297,2764.087979855502,27.620099712705866,2.1415076942853295,2.6237356828603478,0.5505984637519046,True
2023-11-29,11,29,100.0260077754019,2712.7208712827605,27.12015536373196,2.1432453084628476,2.7382564597434156,0.5609455019719484,True
2023-11-30,11,30,100.02239991481927,2221.845676721002,22.21348096639515,1.7379679148608802,3.043313079952665,0.6365057990220347,True
2023-12-01,12,1,100.07768963695318,4197.536726669578,41.9427820715763,3.2689830440642678,1.604392015378795,0.3292157890187396,True
2023-12-02,12,2,100.0596268330633,3044.7182330247206,30.429038458282918,2.4211174520846654,2.4547648084760105,0.5034503864729781,True
2023-12-03,12,3,100.00556659703808,2340.3443477660066,23.40214077478485,1.8480480332084688,2.948611983905501,0.6147219051142189,True
2023-12-04,12,4,100.02578642990073,3616.241200371175,36.15308941265341,2.7643455858266304,2.052396737195797,0.42609643604683245,True
2023-12-05,12,5,100.02186270957789,4522.1630639523155,45.21174612677237,3.588702646752761,1.2988208219734436,0.2657421146484939,True
2023-12-06,12,6,100.0502420780864,3742.993273126305,37.41113659880008,2.961369083586766,1.92583705856757,0.39405685018202224,True
2023-12-07,12,7,100.00870269269919,3500.1476928620677,34.99843112271053,2.789255374798838,2.100175942437171,0.42953378545961424,True
2023-12-08,12,8,100.05755880195659,3850.268501837261,38.48053608281687,3.027264389343885,1.7722319179764234,0.36925373091200675,True
2023-12-09,12,9,100.00943400535489,2686.24552362861,26.85992126987518,2.1075088240977946,2.7012996465137107,0.5617399118767988,True
2023-12-10,12,10,100.04782173289388,2901.700571993022,29.00313591774079,2.2847194309176815,2.5565322765472946,0.5280725793714145,True
2023-12-11,12,11,100.01317105371888,2399.8263443677765,23.995103035767023,1.8977339503994057,2.8873074699230292,0.6034028164647467,True
2023-12-12,12,12,100.00648698741772,2889.073409586411,28.888860079145655,2.234335697013446,2.511050338124661,0.5291561781341106,True
2023-12-13,12,13,100.05879438496922,3047.0416917194525,30.452512549733235,2.368315723064514,2.391427166673943,0.5024278037852901,True
2023-12-14,12,14,100.11106494224934,4025.435828299732,40.2096994035761,3.1140067529613726,1.7479858775572026,0.3595204703900928,True
2023-12-15,12,15,100.01502366575998,2908.7506967957374,29.083137614569644,2.1969942587906344,2.5583991976575815,0.5379994780849195,True
2023-12-16,12,16,100.09538423882717,3721.494070252681,37.179477341065116,2.940480414242578,1.9609742379639243,0.400080053190158,True
2023-12-17,12,17,100.00826596963648,4325.979843497475,43.25622288872488,3.3432356895886564,1.4800059191164046,0.3068488040170468,True
2023-12-18,12,18,100.0539973135985,5975.148912524509,59.71924233868082,4.637518367390897,0.446415,0.0878089793354437,True
2023-12-19,12,19,100.00471844714181,5796.847575555397,57.96574067271997,4.6374124086759,0.567919824333416,0.10910347292185985,True
2023-12-20,12,20,100.01076674975971,2948.1032584153036,29.47785877686401,2.324999877417234,2.558757041821789,0.523932104757681,True
2023-12-21,12,21,100.00867830541159,2864.242476687044,28.639939305467816,2.2802150179871434,2.529696935032639,0.5259341459347155,True
2023-12-22,12,22,100.02819448535101,3145.5147943083575,31.446281825760774,2.4522568580089397,2.4475478752605246,0.4995194724070899,True
2023-12-23,12,23,100.00297100230217,2966.778193044436,29.666900526146748,2.344718757315034,2.5092008094483083,0.5169432197908208,True
2023-12-24,12,24,100.01127055456101,2944.6799210430795,29.443480766866305,2.3309696866019216,2.548756817683194,0.5223155058884984,True
2023-12-25,12,25,100.11277065552449,3115.95740295132,31.124474755303094,2.4361205823990986,2.353458859839112,0.49137067006019236,True
2023-12-26,12,26,100.0257552140742,4363.660470174094,43.62536889459148,3.438128074605107,1.471871564421775,0.29977019809180416,True
2023-12-27,12,27,100.09454416926559,5176.970914919734,51.720810138914075,4.077562565657936,1.0233346051037175,0.20061855215774047,True
2023-12-28,12,28,100.0892302842698,5479.142325048272,54.74257629403893,4.247680863432245,0.7340820318588925,0.147353867955611,True
2023-12-29,12,29,100.04425608269156,3284.3591428697373,32.82906257161881,2.559751823862858,2.3667520187796995,0.4804120923023949,True
2023-12-30,12,30,100.16308221716454,4683.9890455424065,46.76362729520448,3.7230231823655675,1.3762172116698568,0.2698867096518172,True
2023-12-31,12,31,100.06979624750895,2983.729369674354,29.81648291053284,2.4092705611680203,2.492701912680535,0.50850997756083,True
